Player,Country,Time Period,Matches,Played,Not Outs,Runs,Highest Score,Batting Average,Balls Faced,Strike Rate,Centuries,Fifties,Ducks,Fours,Sixes,Role,Overs,Maiden Overs,Wickets,Best Figure,Bowling Average,Economy Rate,Four Wickets,Five Wickets,Dismissals,Catches,Stumpings,Maximum Dismissals
ST Jayasuriya ,Sri Lanka,1990-2008,25,24,1.0,1220.0,130.0,53.04,1190.0,102.52,6.0,3.0,1.0,139.0,23.0,Batsman,,,,,,,,,,,,
KC Sangakkara ,Sri Lanka,2004-2014,24,23,1.0,1075.0,121.0,48.86,1272.0,84.51,4.0,8.0,2.0,107.0,7.0,Batsman,,,,,,,,,,,,
SR Tendulkar ,India,1990-2012,23,21,2.0,971.0,114.0,51.1,1136.0,85.47,2.0,7.0,0.0,108.0,8.0,Batsman,,,,,,,,,,,,
Shoaib Malik ,Pakistan,2000-2018,17,15,3.0,786.0,143.0,65.5,867.0,90.65,3.0,3.0,0.0,76.0,8.0,Batsman,,,,,,,,,,,,
RG Sharma ,India,2008-2018,22,21,5.0,745.0,111.0,46.56,877.0,84.94,1.0,6.0,1.0,60.0,17.0,Batsman,,,,,,,,,,,,
A Ranatunga ,Sri Lanka,1984-1997,19,19,6.0,741.0,131.0,57.0,895.0,82.79,1.0,6.0,0.0,49.0,7.0,Batsman,,,,,,,,,,,,
Mushfiqur Rahim ,Bangladesh,2008-2018,21,21,2.0,699.0,144.0,36.78,827.0,84.52,2.0,2.0,0.0,54.0,10.0,Batsman,,,,,,,,,,,,
DPMD Jayawardene ,Sri Lanka,2000-2014,28,26,3.0,674.0,78.0,29.3,769.0,87.64,0.0,7.0,3.0,70.0,6.0,Batsman,,,,,,,,,,,,
MS Dhoni ,India,2008-2018,19,16,6.0,648.0,109.0,64.8,739.0,87.68,1.0,3.0,1.0,47.0,12.0,Batsman,,,,,,,,,,,,
PA de Silva ,Sri Lanka,1984-2000,24,22,2.0,645.0,96.0,32.25,773.0,83.44,0.0,4.0,0.0,44.0,4.0,Batsman,,,,,,,,,,,,
MS Atapattu ,Sri Lanka,1997-2004,13,12,2.0,642.0,100.0,64.2,903.0,71.09,1.0,6.0,0.0,51.0,2.0,Batsman,,,,,,,,,,,,
V Kohli ,India,2010-2014,11,10,0.0,613.0,183.0,61.3,631.0,97.14,3.0,1.0,0.0,60.0,4.0,Batsman,,,,,,,,,,,,
Inzamam-ul-Haq ,Pakistan,1995-2004,15,13,3.0,591.0,88.0,59.1,662.0,89.27,0.0,6.0,1.0,41.0,12.0,Batsman,,,,,,,,,,,,
G Gambhir ,India,2008-2012,13,13,0.0,573.0,100.0,44.07,637.0,89.95,1.0,5.0,1.0,60.0,2.0,Batsman,,,,,,,,,,,,
SK Raina ,India,2008-2012,13,13,4.0,547.0,116.0,60.77,480.0,113.95,2.0,3.0,0.0,48.0,18.0,Batsman,,,,,,,,,,,,
Younis Khan ,Pakistan,2004-2012,14,13,2.0,546.0,144.0,49.63,543.0,100.55,2.0,3.0,0.0,47.0,5.0,Batsman,,,,,,,,,,,,
S Dhawan ,India,2014-2018,9,9,0.0,534.0,127.0,59.33,584.0,91.43,2.0,2.0,0.0,62.0,8.0,Batsman,,,,,,,,,,,,
Shahid Afridi ,Pakistan,1997-2014,23,21,6.0,532.0,124.0,35.46,378.0,140.74,2.0,1.0,2.0,46.0,26.0,Batsman,,,,,,,,,,,,
NS Sidhu ,India,1988-1997,14,12,4.0,530.0,104.0,66.25,682.0,77.71,1.0,6.0,0.0,43.0,7.0,Batsman,,,,,,,,,,,,
Tamim Iqbal ,Bangladesh,2008-2018,13,13,1.0,519.0,70.0,43.25,638.0,81.34,0.0,6.0,0.0,59.0,3.0,Batsman,,,,,,,,,,,,
SC Ganguly ,India,1997-2004,13,12,2.0,518.0,135.0,51.8,700.0,74.0,1.0,4.0,0.0,44.0,13.0,Batsman,,,,,,,,,,,,
Umar Akmal ,Pakistan,2010-2014,12,12,2.0,510.0,102.0,51.0,513.0,99.41,1.0,4.0,0.0,39.0,9.0,Batsman,,,,,,,,,,,,
V Sehwag ,India,2004-2010,13,13,0.0,509.0,119.0,39.15,447.0,113.87,1.0,3.0,1.0,67.0,12.0,Batsman,,,,,,,,,,,,
Mohammad Yousuf ,Pakistan,2000-2008,14,12,3.0,490.0,100.0,54.44,638.0,76.8,1.0,2.0,1.0,48.0,4.0,Batsman,,,,,,,,,,,,
M Azharuddin ,India,1988-2000,18,13,5.0,468.0,90.0,58.5,563.0,83.12,0.0,4.0,1.0,25.0,9.0,Batsman,,,,,,,,,,,,
Misbah-ul-Haq ,Pakistan,2008-2014,14,13,4.0,419.0,76.0,46.55,490.0,85.51,0.0,5.0,1.0,31.0,10.0,Batsman,,,,,,,,,,,,
Mohammad Hafeez ,Pakistan,2012-2014,9,9,0.0,403.0,105.0,44.77,581.0,69.36,1.0,3.0,0.0,35.0,3.0,Batsman,,,,,,,,,,,,
Shakib Al Hasan ,Bangladesh,2010-2018,13,13,1.0,402.0,68.0,33.5,390.0,103.07,0.0,3.0,2.0,39.0,5.0,Batsman,,,,,,,,,,,,
Athar Ali Khan ,Bangladesh,1988-1997,11,11,1.0,368.0,82.0,36.8,641.0,57.41,0.0,2.0,0.0,27.0,2.0,Batsman,,,,,,,,,,,,
TM Dilshan ,Sri Lanka,2000-2012,20,18,1.0,368.0,71.0,21.64,408.0,90.19,0.0,2.0,1.0,38.0,2.0,Batsman,,,,,,,,,,,,
CK Kapugedera ,Sri Lanka,2008-2012,12,11,2.0,365.0,75.0,40.55,443.0,82.39,0.0,4.0,1.0,26.0,8.0,Batsman,,,,,,,,,,,,
HDRL Thirimanne ,Sri Lanka,2012-2014,8,8,0.0,363.0,102.0,45.37,477.0,76.1,2.0,0.0,0.0,34.0,3.0,Batsman,,,,,,,,,,,,
Akram Khan ,Bangladesh,1988-2000,13,13,1.0,345.0,64.0,28.75,545.0,63.3,0.0,2.0,0.0,23.0,1.0,Batsman,,,,,,,,,,,,
R Dravid ,India,1997-2004,13,9,0.0,334.0,104.0,37.11,427.0,78.22,1.0,2.0,0.0,29.0,1.0,Batsman,,,,,,,,,,,,
AD Mathews ,Sri Lanka,2010-2018,11,10,6.0,331.0,74.0,82.75,402.0,82.33,0.0,3.0,1.0,24.0,3.0,Batsman,,,,,,,,,,,,
Mahmudullah ,Bangladesh,2008-2018,20,19,6.0,328.0,74.0,25.23,525.0,62.47,0.0,1.0,1.0,19.0,2.0,Batsman,,,,,,,,,,,,
Saeed Anwar ,Pakistan,1995-2000,9,9,0.0,320.0,90.0,35.55,412.0,77.66,0.0,2.0,1.0,36.0,3.0,Batsman,,,,,,,,,,,,
Mohammad Ashraful ,Bangladesh,2004-2010,12,12,0.0,316.0,109.0,26.33,504.0,62.69,1.0,1.0,1.0,29.0,2.0,Batsman,,,,,,,,,,,,
Yuvraj Singh ,India,2004-2008,11,10,2.0,312.0,50.0,39.0,354.0,88.13,0.0,1.0,1.0,24.0,7.0,Batsman,,,,,,,,,,,,
Mohammad Shahzad ,Afghanistan,2014-2018,9,9,0.0,308.0,124.0,34.22,377.0,81.69,1.0,1.0,0.0,32.0,10.0,Batsman,,,,,,,,,,,,
WU Tharanga ,Sri Lanka,2010-2018,9,9,0.0,304.0,57.0,33.77,379.0,80.21,0.0,2.0,0.0,32.0,3.0,Batsman,,,,,,,,,,,,
KD Karthik ,India,2010-2018,12,11,4.0,302.0,66.0,43.14,410.0,73.65,0.0,1.0,0.0,30.0,2.0,Batsman,,,,,,,,,,,,
Nasir Jamshed ,Pakistan,2008-2012,6,6,2.0,298.0,112.0,74.5,300.0,99.33,1.0,3.0,0.0,34.0,4.0,Batsman,,,,,,,,,,,,
AP Gurusinha ,Sri Lanka,1986-1995,10,10,1.0,281.0,85.0,31.22,440.0,63.86,0.0,1.0,1.0,6.0,4.0,Batsman,,,,,,,,,,,,
Asghar Afghan ,Afghanistan,2014-2018,9,9,1.0,277.0,90.0,34.62,360.0,76.94,0.0,2.0,1.0,18.0,8.0,Batsman,,,,,,,,,,,,
RS Mahanama ,Sri Lanka,1986-1997,16,14,1.0,273.0,55.0,21.0,491.0,55.6,0.0,1.0,1.0,14.0,1.0,Batsman,,,,,,,,,,,,
Hashmatullah Shahidi ,Afghanistan,2018-2018,5,5,1.0,263.0,97.0,65.75,364.0,72.25,0.0,3.0,1.0,17.0,0.0,Batsman,,,,,,,,,,,,
AT Rayudu ,India,2014-2018,10,9,3.0,260.0,60.0,43.33,318.0,81.76,0.0,3.0,0.0,17.0,7.0,Batsman,,,,,,,,,,,,
Fawad Alam ,Pakistan,2008-2014,4,3,2.0,251.0,114.0,251.0,281.0,89.32,1.0,2.0,0.0,15.0,5.0,Batsman,,,,,,,,,,,,
Javed Omar ,Bangladesh,1995-2004,7,7,1.0,250.0,85.0,41.66,447.0,55.92,0.0,3.0,0.0,16.0,1.0,Batsman,,,,,,,,,,,,
V Kohli ,India,2016-2022,10,9,4.0,429.0,122.0,85.80,325.0,132.0,1.0,3.0,1.0,40.0,11.0,Batsman,,,,,,,,,,,,
Mohammad Rizwan ,Pakistan,2022-2022,6,6,1.0,281.0,78.0,56.20,239.0,117.57,0.0,3.0,0.0,21.0,6.0,Batsman,,,,,,,,,,,,
RG Sharma ,India,2016-2022,9,9,0.0,271.0,83.0,30.11,192.0,141.14,0.0,2.0,1.0,27.0,12.0,Batsman,,,,,,,,,,,,
Babar Hayat ,Hong Kong,2016-2022,5,5,0.0,235.0,122.0,47.00,160.0,146.87,1.0,1.0,1.0,22.0,10.0,Batsman,,,,,,,,,,,,
Ibrahim Zadran ,Afghanistan,2022-2022,5,5,2.0,196.0,64.0,65.33,188.0,104.25,0.0,1.0,0.0,14.0,4.0,Batsman,,,,,,,,,,,,
PBB Rajapaksa ,Sri Lanka,2022-2022,6,6,2.0,191.0,71.0,47.75,128.0,149.21,0.0,1.0,0.0,15.0,9.0,Batsman,,,,,,,,,,,,
Sabbir Rahman ,Bangladesh,2016-2022,6,6,1.0,181.0,80.0,36.20,148.0,122.29,0.0,1.0,0.0,16.0,5.0,Batsman,,,,,,,,,,,,
Muhammad Usman ,UAE,2016-2016,7,7,1.0,176.0,46.0,29.33,149.0,118.12,0.0,0.0,0.0,21.0,5.0,Batsman,,,,,,,,,,,,
Najibullah Zadran ,Afghanistan,2016-2022,8,8,3.0,176.0,60.0,35.20,112.0,157.14,0.0,1.0,1.0,6.0,13.0,Batsman,,,,,,,,,,,,
P Nissanka ,Sri Lanka,2022-2022,6,6,1.0,173.0,55.0,34.60,150.0,115.33,0.0,2.0,0.0,15.0,5.0,Batsman,,,,,,,,,,,,
Mahmudullah ,Bangladesh,2016-2022,7,7,4.0,173.0,36.0,57.66,122.0,141.8,0.0,0.0,0.0,10.0,7.0,Batsman,,,,,,,,,,,,
BKG Mendis ,Sri Lanka,2022-2022,6,6,0.0,155.0,60.0,25.83,99.0,156.56,0.0,2.0,2.0,10.0,9.0,Batsman,,,,,,,,,,,,
Rahmanullah Gurbaz ,Afghanistan,2022-2022,5,5,0.0,152.0,84.0,30.40,93.0,163.44,0.0,1.0,1.0,8.0,12.0,Batsman,,,,,,,,,,,,
Shaiman Anwar ,UAE,2016-2016,7,7,1.0,151.0,46.0,25.16,144.0,104.86,0.0,0.0,0.0,15.0,4.0,Batsman,,,,,,,,,,,,
LD Chandimal ,Sri Lanka,2016-2016,4,4,0.0,149.0,58.0,37.25,136.0,109.55,0.0,2.0,0.0,19.0,2.0,Batsman,,,,,,,,,,,,
SA Yadav ,India,2022-2022,5,5,1.0,139.0,68.0,34.75,85.0,163.52,0.0,1.0,0.0,10.0,8.0,Batsman,,,,,,,,,,,,
TM Dilshan ,Sri Lanka,2016-2016,4,4,1.0,132.0,75.0,44.00,109.0,121.1,0.0,1.0,0.0,18.0,1.0,Batsman,,,,,,,,,,,,
KL Rahul ,India,2022-2022,5,5,0.0,132.0,62.0,26.40,108.0,122.22,0.0,1.0,1.0,8.0,6.0,Batsman,,,,,,,,,,,,
MD Shanaka ,Sri Lanka,2016-2022,10,10,1.0,131.0,45.0,14.55,111.0,118.01,0.0,0.0,2.0,9.0,6.0,Batsman,,,,,,,,,,,,
Mohammad Shahzad ,UAE,2016-2016,7,7,1.0,129.0,52.0,21.50,107.0,120.56,0.0,1.0,1.0,10.0,4.0,Batsman,,,,,,,,,,,,
Rohan Mustafa ,UAE,2016-2016,7,7,0.0,122.0,77.0,17.42,107.0,114.01,0.0,1.0,1.0,13.0,6.0,Batsman,,,,,,,,,,,,
Sarfaraz Ahmed ,Pakistan,2016-2016,4,3,1.0,121.0,58.0,60.50,93.0,130.1,0.0,1.0,0.0,14.0,2.0,Batsman,,,,,,,,,,,,
Shoaib Malik ,Pakistan,2016-2016,4,4,2.0,121.0,63.0,60.50,108.0,112.03,0.0,1.0,0.0,13.0,4.0,Batsman,,,,,,,,,,,,
Zeeshan Maqsood ,Oman,2016-2016,3,3,0.0,115.0,52.0,38.33,97.0,118.55,0.0,1.0,0.0,11.0,4.0,Batsman,,,,,,,,,,,,
Shakib Al Hasan ,Bangladesh,2016-2022,7,7,0.0,112.0,32.0,16.00,115.0,97.39,0.0,0.0,0.0,12.0,0.0,Batsman,,,,,,,,,,,,
Umar Akmal ,Pakistan,2016-2016,4,4,1.0,105.0,50.0,35.00,98.0,107.14,0.0,1.0,0.0,6.0,5.0,Batsman,,,,,,,,,,,,
Iftikhar Ahmed ,Pakistan,2016-2022,7,6,2.0,105.0,32.0,26.25,104.0,100.96,0.0,0.0,0.0,6.0,3.0,Batsman,,,,,,,,,,,,
Fakhar Zaman ,Pakistan,2022-2022,6,6,0.0,96.0,53.0,16.00,93.0,103.22,0.0,1.0,1.0,9.0,2.0,Batsman,,,,,,,,,,,,
Soumya Sarkar ,Bangladesh,2016-2016,5,5,0.0,94.0,48.0,18.80,88.0,106.81,0.0,0.0,1.0,11.0,2.0,Batsman,,,,,,,,,,,,
Hazratullah Zazai ,Afghanistan,2022-2022,5,5,1.0,93.0,37.0,23.25,91.0,102.19,0.0,0.0,1.0,14.0,1.0,Batsman,,,,,,,,,,,,
Asghar Stanikzai ,Afghanistan,2016-2016,3,3,0.0,89.0,49.0,29.66,61.0,145.9,0.0,0.0,0.0,10.0,4.0,Batsman,,,,,,,,,,,,
Yuvraj Singh ,India,2016-2016,5,4,2.0,89.0,35.0,44.50,80.0,111.25,0.0,0.0,0.0,10.0,4.0,Batsman,,,,,,,,,,,,
Muhammad Kaleem ,UAE,2016-2016,7,7,0.0,89.0,50.0,12.71,104.0,85.57,0.0,1.0,1.0,9.0,3.0,Batsman,,,,,,,,,,,,
HH Pandya ,India,2016-2022,8,6,1.0,83.0,33.0,16.60,56.0,148.21,0.0,0.0,2.0,8.0,3.0,Batsman,,,,,,,,,,,,
Karim Sadiq ,Afghanistan,2016-2016,3,3,0.0,82.0,72.0,27.33,58.0,141.37,0.0,1.0,1.0,9.0,1.0,Batsman,,,,,,,,,,,,
S Dhawan ,India,2016-2016,4,4,1.0,79.0,60.0,26.33,71.0,111.26,0.0,1.0,0.0,12.0,1.0,Batsman,,,,,,,,,,,,
Mohammad Nawaz ,Pakistan,2016-2022,8,5,0.0,79.0,42.0,15.80,55.0,143.63,0.0,0.0,0.0,8.0,4.0,Batsman,,,,,,,,,,,,
Adnan Ilyas ,Oman,2016-2016,3,3,0.0,78.0,54.0,26.00,46.0,169.56,0.0,1.0,0.0,4.0,5.0,Batsman,,,,,,,,,,,,
Mosaddek Hossain ,Bangladesh,2022-2022,2,2,2.0,72.0,48.0,-,40.0,180.0,0.0,0.0,0.0,8.0,1.0,Batsman,,,,,,,,,,,,
Noor Ali Zadran ,Afghanistan,2016-2016,2,2,0.0,72.0,63.0,36.00,61.0,118.03,0.0,1.0,0.0,9.0,0.0,Batsman,,,,,,,,,,,,
Jatinder Singh ,Oman,2016-2016,3,3,0.0,69.0,42.0,23.00,68.0,101.47,0.0,0.0,0.0,7.0,1.0,Batsman,,,,,,,,,,,,
Babar Azam ,Pakistan,2022-2022,6,6,0.0,68.0,30.0,11.33,63.0,107.93,0.0,0.0,1.0,7.0,0.0,Batsman,,,,,,,,,,,,
C Karunaratne ,Sri Lanka,2022-2022,6,4,2.0,66.0,31.0,33.00,64.0,103.12,0.0,0.0,0.0,5.0,2.0,Batsman,,,,,,,,,,,,
PWH de Silva ,Sri Lanka,2022-2022,6,5,2.0,66.0,36.0,22.00,44.0,150.0,0.0,0.0,0.0,10.0,1.0,Batsman,,,,,,,,,,,,
KD Shah ,Hong Kong,2016-2022,5,5,0.0,65.0,30.0,13.00,60.0,108.33,0.0,0.0,2.0,8.0,2.0,Batsman,,,,,,,,,,,,
MD Gunathilaka ,Sri Lanka,2022-2022,6,6,0.0,63.0,33.0,10.50,58.0,108.62,0.0,0.0,1.0,7.0,2.0,Batsman,,,,,,,,,,,,
Anshuman Rath ,Hong Kong,2016-2016,3,3,0.0,62.0,41.0,20.66,70.0,88.57,0.0,0.0,0.0,7.0,0.0,Batsman,,,,,,,,,,,,
Amjad Javed ,UAE,2016-2016,7,7,2.0,61.0,27.0,12.20,66.0,92.42,0.0,0.0,1.0,4.0,3.0,Batsman,,,,,,,,,,,,
Khushdil Shah ,Pakistan,2022-2022,6,6,2.0,58.0,35.0,14.50,48.0,120.83,0.0,0.0,0.0,1.0,5.0,Batsman,,,,,,,,,,,,
M Muralidaran ,Sri Lanka,1995-2010,24,24,,865.0,,,,46.0,,,,,,Bowler,230.2,13.0,30.0,5/31,28.83,3.75,1.0,1.0,,,,
SL Malinga ,Sri Lanka,2004-2018,14,14,,596.0,,,,26.5,,,,,,Bowler,128.1,6.0,29.0,5/34,20.55,4.65,1.0,3.0,,,,
BAW Mendis ,Sri Lanka,2008-2014,8,8,,271.0,,,,15.6,,,,,,Bowler,68.0,5.0,26.0,6/13,10.42,3.98,2.0,2.0,,,,
Saeed Ajmal ,Pakistan,2008-2014,12,12,,485.0,,,,27.6,,,,,,Bowler,115.0,6.0,25.0,3/26,19.4,4.21,0.0,0.0,,,,
WPUJC Vaas ,Sri Lanka,1995-2008,19,19,,639.0,,,,39.7,,,,,,Bowler,152.2,20.0,23.0,3/30,27.78,4.19,0.0,0.0,,,,
IK Pathan ,India,2004-2012,12,12,,605.0,,,,29.7,,,,,,Bowler,109.1,1.0,22.0,4/32,27.5,5.54,1.0,0.0,,,,
ST Jayasuriya ,Sri Lanka,1990-2008,25,21,,667.0,,,,40.5,,,,,,Bowler,148.5,2.0,22.0,4/49,30.31,4.48,1.0,0.0,,,,
Abdur Razzak ,Bangladesh,2004-2014,18,18,,796.0,,,,46.4,,,,,,Bowler,170.2,10.0,22.0,3/17,36.18,4.67,0.0,0.0,,,,
RA Jadeja ,India,2010-2018,14,14,,505.0,,,,36.6,,,,,,Bowler,116.1,4.0,19.0,4/29,26.57,4.34,2.0,0.0,,,,
Shakib Al Hasan ,Bangladesh,2010-2018,13,13,,622.0,,,,40.3,,,,,,Bowler,127.4,5.0,19.0,4/42,32.73,4.87,1.0,0.0,,,,
Mashrafe Mortaza ,Bangladesh,2008-2018,19,19,,868.0,,,,50.8,,,,,,Bowler,152.3,7.0,18.0,2/25,48.22,5.69,0.0,0.0,,,,
Abdul Qadir ,Pakistan,1984-1988,8,8,,251.0,,,,24.4,,,,,,Bowler,69.2,8.0,17.0,3/15,14.76,3.62,0.0,0.0,,,,
SR Tendulkar ,India,1990-2012,23,15,,364.0,,,,26.9,,,,,,Bowler,76.2,0.0,17.0,3/21,21.41,4.76,0.0,0.0,,,,
Wasim Akram ,Pakistan,1986-2000,12,12,,297.0,,,,34.5,,,,,,Bowler,92.1,8.0,16.0,4/19,18.56,3.22,1.0,0.0,,,,
Abdul Razzaq ,Pakistan,2000-2010,11,11,,323.0,,,,28.2,,,,,,Bowler,75.2,5.0,16.0,4/29,20.18,4.28,1.0,0.0,,,,
N Kapil Dev ,India,1988-1991,7,7,,195.0,,,,21.8,,,,,,Bowler,54.4,5.0,15.0,4/31,13.0,3.56,1.0,0.0,,,,
JR Ratnayeke ,Sri Lanka,1984-1988,9,9,,315.0,,,,29.2,,,,,,Bowler,73.0,5.0,15.0,4/23,21.0,4.31,1.0,0.0,,,,
DNT Zoysa ,Sri Lanka,2000-2004,8,8,,277.0,,,,29.5,,,,,,Bowler,69.0,11.0,14.0,3/29,19.78,4.01,0.0,0.0,,,,
R Ashwin ,India,2012-2014,7,7,,318.0,,,,29.4,,,,,,Bowler,68.4,4.0,14.0,3/31,22.71,4.63,0.0,0.0,,,,
Umar Gul ,Pakistan,2008-2014,11,11,,495.0,,,,36.5,,,,,,Bowler,85.2,5.0,14.0,3/58,35.35,5.8,0.0,0.0,,,,
A Kumble ,India,1995-2004,15,14,,532.0,,,,54.8,,,,,,Bowler,128.0,7.0,14.0,3/43,38.0,4.15,0.0,0.0,,,,
Shahid Afridi ,Pakistan,1997-2014,23,22,,883.0,,,,76.2,,,,,,Bowler,178.0,3.0,14.0,2/31,63.07,4.96,0.0,0.0,,,,
BKV Prasad ,India,1995-1997,7,7,,231.0,,,,24.0,,,,,,Bowler,52.0,3.0,13.0,4/17,17.76,4.44,1.0,0.0,,,,
MF Maharoof ,Sri Lanka,2004-2012,11,11,,419.0,,,,37.3,,,,,,Bowler,81.0,1.0,13.0,5/42,32.23,5.17,0.0,1.0,,,,
V Sehwag ,India,2004-2010,13,10,,254.0,,,,27.8,,,,,,Bowler,55.4,2.0,12.0,4/6,21.16,4.56,1.0,0.0,,,,
Shoaib Malik ,Pakistan,2000-2018,17,16,,386.0,,,,45.3,,,,,,Bowler,90.4,2.0,12.0,4/19,32.16,4.25,1.0,0.0,,,,
P Kumar ,India,2008-2012,11,11,,504.0,,,,45.2,,,,,,Bowler,90.3,5.0,12.0,3/53,42.0,5.56,0.0,0.0,,,,
A Ranatunga ,Sri Lanka,1984-1997,19,11,,273.0,,,,35.4,,,,,,Bowler,65.0,3.0,11.0,3/38,24.81,4.2,0.0,0.0,,,,
NLTC Perera ,Sri Lanka,2014-2018,7,7,,306.0,,,,31.1,,,,,,Bowler,57.1,3.0,11.0,5/55,27.81,5.35,0.0,1.0,,,,
RAS Lakmal ,Sri Lanka,2012-2018,8,8,,362.0,,,,38.8,,,,,,Bowler,71.1,7.0,11.0,2/30,32.9,5.08,0.0,0.0,,,,
Rashid Khan ,Afghanistan,2018-2018,5,5,,172.0,,,,27.7,,,,,,Bowler,46.1,3.0,10.0,3/46,17.2,3.72,0.0,0.0,,,,
Mustafizur Rahman ,Bangladesh,2018-2018,5,5,,185.0,,,,25.2,,,,,,Bowler,42.0,3.0,10.0,4/43,18.5,4.4,1.0,0.0,,,,
Kuldeep Yadav ,India,2018-2018,6,6,,237.0,,,,34.8,,,,,,Bowler,58.0,2.0,10.0,3/45,23.7,4.08,0.0,0.0,,,,
Sohail Tanvir ,Pakistan,2008-2008,5,5,,241.0,,,,25.2,,,,,,Bowler,42.0,2.0,10.0,5/48,24.1,5.73,0.0,1.0,,,,
Shoaib Akhtar ,Pakistan,2004-2010,7,7,,263.0,,,,39.0,,,,,,Bowler,65.0,6.0,10.0,3/30,26.3,4.04,0.0,0.0,,,,
Shahadat Hossain ,Bangladesh,2008-2012,9,9,,480.0,,,,41.9,,,,,,Bowler,69.5,2.0,10.0,3/53,48.0,6.87,0.0,0.0,,,,
Mahmudullah ,Bangladesh,2008-2018,20,17,,516.0,,,,60.6,,,,,,Bowler,101.0,2.0,10.0,2/38,51.6,5.1,0.0,0.0,,,,
Arshad Ayub ,India,1988-1988,4,4,,120.0,,,,24.0,,,,,,Bowler,36.0,2.0,9.0,5/21,13.33,3.33,0.0,1.0,,,,
Iftikhar Anjum ,Pakistan,2008-2008,5,5,,210.0,,,,29.1,,,,,,Bowler,43.4,8.0,9.0,3/51,23.33,4.8,0.0,0.0,,,,
Mohammed Shami ,India,2014-2014,4,4,,230.0,,,,24.8,,,,,,Bowler,37.2,1.0,9.0,4/50,25.55,6.16,1.0,0.0,,,,
Z Khan ,India,2004-2010,8,8,,327.0,,,,41.6,,,,,,Bowler,62.3,6.0,9.0,2/36,36.33,5.23,0.0,0.0,,,,
UDU Chandana ,Sri Lanka,1997-2004,10,10,,331.0,,,,50.5,,,,,,Bowler,75.5,2.0,9.0,4/22,36.77,4.36,1.0,0.0,,,,
Mohammad Nabi ,Afghanistan,2014-2018,9,9,,331.0,,,,56.2,,,,,,Bowler,84.2,3.0,9.0,3/44,36.77,3.92,0.0,0.0,,,,
B Kumar ,India,2014-2018,9,9,,343.0,,,,51.5,,,,,,Bowler,77.2,5.0,9.0,3/15,38.11,4.43,0.0,0.0,,,,
KMDN Kulasekara ,Sri Lanka,2008-2012,12,12,,443.0,,,,60.2,,,,,,Bowler,90.2,7.0,9.0,2/30,49.22,4.9,0.0,0.0,,,,
B Kumar ,India,2016-2022,6,6,,123.0,,,,10.6,,,,,,Bowler,23.0,3.0,13.0,5/4,9.46,5.34,1.0,1.0,,,,
Amjad Javed ,UAE,2016-2016,7,7,,169.0,,,,11.5,,,,,,Bowler,23.0,0.0,12.0,3/25,14.08,7.34,0.0,0.0,,,,
Al-Amin Hossain ,Bangladesh,2016-2016,5,5,,134.0,,,,9.1,,,,,,Bowler,16.5,0.0,11.0,3/25,12.18,7.96,0.0,0.0,,,,
Mohammad Naveed ,UAE,2016-2016,7,7,,145.0,,,,15.0,,,,,,Bowler,27.4,2.0,11.0,3/14,13.18,5.24,0.0,0.0,,,,
Rashid Khan ,Afghanistan,2016-2022,8,8,,202.0,,,,16.9,,,,,,Bowler,31.0,0.0,11.0,3/22,18.36,6.51,0.0,0.0,,,,
HH Pandya ,India,2016-2022,8,8,,207.0,,,,16.0,,,,,,Bowler,29.3,1.0,11.0,3/8,18.81,7.01,0.0,0.0,,,,
PWH de Silva ,Sri Lanka,2022-2022,6,6,,170.0,,,,15.3,,,,,,Bowler,23.0,0.0,9.0,3/21,18.88,7.39,0.0,0.0,,,,
Shadab Khan ,Pakistan,2022-2022,5,5,,113.0,,,,14.0,,,,,,Bowler,18.4,0.0,8.0,4/8,14.12,6.05,1.0,0.0,,,,
Haris Rauf ,Pakistan,2022-2022,6,6,,153.0,,,,15.0,,,,,,Bowler,20.0,0.0,8.0,3/29,19.12,7.65,0.0,0.0,,,,
Mohammad Nawaz ,Pakistan,2016-2022,8,8,,174.0,,,,18.5,,,,,,Bowler,24.4,0.0,8.0,3/5,21.75,7.05,0.0,0.0,,,,
Mohammad Amir ,Pakistan,2016-2016,4,4,,81.0,,,,13.7,,,,,,Bowler,16.0,1.0,7.0,3/18,11.57,5.06,0.0,0.0,,,,
KMDN Kulasekara ,Sri Lanka,2016-2016,4,4,,95.0,,,,12.8,,,,,,Bowler,15.0,1.0,7.0,3/10,13.57,6.33,0.0,0.0,,,,
Mujeeb Ur Rahman ,Afghanistan,2022-2022,5,5,,111.0,,,,17.1,,,,,,Bowler,20.0,0.0,7.0,3/16,15.85,5.55,0.0,0.0,,,,
Naseem Shah ,Pakistan,2022-2022,5,5,,138.0,,,,15.4,,,,,,Bowler,18.0,0.0,7.0,2/7,19.71,7.66,0.0,0.0,,,,
C Karunaratne ,Sri Lanka,2022-2022,6,6,,145.0,,,,13.7,,,,,,Bowler,16.0,0.0,7.0,2/27,20.71,9.06,0.0,0.0,,,,
Mohammad Nabi ,Afghanistan,2016-2022,8,8,,210.0,,,,24.8,,,,,,Bowler,29.0,0.0,7.0,4/17,30.0,7.24,1.0,0.0,,,,
PM Liyanagamage ,Sri Lanka,2022-2022,2,2,,55.0,,,,6.1,,,,,,Bowler,6.1,0.0,6.0,4/34,9.16,8.91,1.0,0.0,,,,
JJ Bumrah ,India,2016-2016,5,5,,94.0,,,,18.0,,,,,,Bowler,18.0,2.0,6.0,2/27,15.66,5.22,0.0,0.0,,,,
A Nehra ,India,2016-2016,4,4,,99.0,,,,14.0,,,,,,Bowler,14.0,0.0,6.0,3/23,16.5,7.07,0.0,0.0,,,,
R Ashwin ,India,2016-2022,6,6,,143.0,,,,22.0,,,,,,Bowler,22.0,0.0,6.0,2/26,23.83,6.5,0.0,0.0,,,,
Rohan Mustafa ,UAE,2016-2016,7,7,,146.0,,,,20.8,,,,,,Bowler,20.5,0.0,6.0,3/19,24.33,7.0,0.0,0.0,,,,
Fazalhaq Farooqi ,Afghanistan,2022-2022,5,5,,152.0,,,,18.1,,,,,,Bowler,18.1,1.0,6.0,3/11,25.33,8.36,0.0,0.0,,,,
Shakib Al Hasan ,Bangladesh,2016-2022,7,7,,152.0,,,,24.6,,,,,,Bowler,24.4,0.0,6.0,2/20,25.33,6.16,0.0,0.0,,,,
D Madushanka ,Sri Lanka,2022-2022,6,6,,155.0,,,,20.0,,,,,,Bowler,20.0,0.0,6.0,3/24,25.83,7.75,0.0,0.0,,,,
M Theekshana ,Sri Lanka,2022-2022,6,6,,162.0,,,,24.0,,,,,,Bowler,24.0,0.0,6.0,2/21,27.0,6.75,0.0,0.0,,,,
Mohammad Irfan ,Pakistan,2016-2016,4,4,,87.0,,,,19.2,,,,,,Bowler,16.0,0.0,5.0,2/18,17.4,5.43,0.0,0.0,,,,
Fareed Ahmad ,Afghanistan,2022-2022,2,2,,88.0,,,,9.6,,,,,,Bowler,8.0,0.0,5.0,3/31,17.6,11.0,0.0,0.0,,,,
Mashrafe Mortaza ,Bangladesh,2016-2016,5,5,,114.0,,,,19.2,,,,,,Bowler,16.0,0.0,5.0,2/12,22.8,7.12,0.0,0.0,,,,
Taskin Ahmed ,Bangladesh,2016-2022,7,7,,138.0,,,,27.6,,,,,,Bowler,23.0,1.0,5.0,2/24,27.6,6.0,0.0,0.0,,,,
Arshdeep Singh ,India,2022-2022,5,5,,151.0,,,,21.0,,,,,,Bowler,17.3,0.0,5.0,2/33,30.2,8.62,0.0,0.0,,,,
SL Malinga ,Sri Lanka,2016-2016,1,1,,26.0,,,,6.0,,,,,,Bowler,4.0,0.0,4.0,4/26,6.5,6.5,1.0,0.0,,,,
Mahmudullah ,Bangladesh,2016-2022,7,3,,28.0,,,,9.0,,,,,,Bowler,6.0,0.0,4.0,2/5,7.0,4.66,0.0,0.0,,,,
Nadeem Ahmed ,Hong Kong,2016-2016,3,3,,77.0,,,,18.0,,,,,,Bowler,12.0,1.0,4.0,3/27,19.25,6.41,0.0,0.0,,,,
Aamir Kaleem ,Oman,2016-2016,3,3,,84.0,,,,15.0,,,,,,Bowler,10.0,0.0,4.0,4/36,21.0,8.4,1.0,0.0,,,,
Bilal Khan ,Oman,2016-2016,3,3,,91.0,,,,16.5,,,,,,Bowler,11.0,0.0,4.0,3/33,22.75,8.27,0.0,0.0,,,,
RA Jadeja ,India,2016-2022,6,6,,106.0,,,,27.0,,,,,,Bowler,18.0,0.0,4.0,2/11,26.5,5.88,0.0,0.0,,,,
YS Chahal ,India,2022-2022,4,4,,127.0,,,,24.0,,,,,,Bowler,16.0,0.0,4.0,3/34,31.75,7.93,0.0,0.0,,,,
Mohammad Hasnain ,Pakistan,2022-2022,4,4,,134.0,,,,22.5,,,,,,Bowler,15.0,0.0,4.0,2/21,33.5,8.93,0.0,0.0,,,,
Mustafizur Rahman ,Bangladesh,2016-2022,5,5,,134.0,,,,28.5,,,,,,Bowler,19.0,0.0,4.0,2/13,33.5,7.05,0.0,0.0,,,,
Mohammad Shahzad ,UAE,2016-2016,7,7,,156.0,,,,28.7,,,,,,Bowler,19.1,0.0,4.0,2/27,39.0,8.13,0.0,0.0,,,,
Aizaz Khan ,Hong Kong,2016-2022,5,5,,189.0,,,,26.2,,,,,,Bowler,17.3,0.0,4.0,3/38,47.25,10.8,0.0,0.0,,,,
MS Dhoni ,India,2008-2018,19,19,,,,,,,,,,,,Wicketkeeper,,,,,,,,,36.0,25.0,11.0,5.0
KC Sangakkara ,Sri Lanka,2004-2014,24,24,,,,,,,,,,,,Wicketkeeper,,,,,,,,,36.0,27.0,9.0,4.0
Moin Khan ,Pakistan,1995-2004,14,13,,,,,,,,,,,,Wicketkeeper,,,,,,,,,17.0,12.0,5.0,3.0
Mushfiqur Rahim ,Bangladesh,2008-2018,21,17,,,,,,,,,,,,Wicketkeeper,,,,,,,,,17.0,14.0,3.0,4.0
DSBP Kuruppu ,Sri Lanka,1984-1988,9,9,,,,,,,,,,,,Wicketkeeper,,,,,,,,,14.0,12.0,2.0,4.0
RS Kaluwitharana ,Sri Lanka,1995-2000,8,8,,,,,,,,,,,,Wicketkeeper,,,,,,,,,11.0,9.0,2.0,5.0
Khaled Mashud ,Bangladesh,1995-2004,14,14,,,,,,,,,,,,Wicketkeeper,,,,,,,,,11.0,8.0,3.0,3.0
Sarfaraz Ahmed ,Pakistan,2008-2018,13,13,,,,,,,,,,,,Wicketkeeper,,,,,,,,,10.0,8.0,2.0,3.0
Zulqarnain ,Pakistan,1986-1986,3,3,,,,,,,,,,,,Wicketkeeper,,,,,,,,,9.0,8.0,1.0,4.0
R Dravid ,India,1997-2004,13,5,,,,,,,,,,,,Wicketkeeper,,,,,,,,,7.0,5.0,2.0,2.0
NR Mongia ,India,1995-2000,5,5,,,,,,,,,,,,Wicketkeeper,,,,,,,,,7.0,7.0,0.0,3.0
Umar Akmal ,Pakistan,2010-2014,12,6,,,,,,,,,,,,Wicketkeeper,,,,,,,,,7.0,5.0,2.0,2.0
Amjad Ali ,UAE,2008-2008,2,2,,,,,,,,,,,,Wicketkeeper,,,,,,,,,5.0,4.0,1.0,3.0
Mohammad Shahzad ,Afghanistan,2014-2018,9,9,,,,,,,,,,,,Wicketkeeper,,,,,,,,,5.0,4.0,1.0,1.0
Litton Das ,Bangladesh,2018-2018,6,1,,,,,,,,,,,,Wicketkeeper,,,,,,,,,4.0,1.0,3.0,2.0
SS McKechnie ,Hong Kong,2018-2018,2,2,,,,,,,,,,,,Wicketkeeper,,,,,,,,,4.0,4.0,0.0,2.0
HP Tillakaratne ,Sri Lanka,1988-1995,9,3,,,,,,,,,,,,Wicketkeeper,,,,,,,,,4.0,3.0,1.0,2.0
Anamul Haque ,Bangladesh,2014-2014,4,4,,,,,,,,,,,,Wicketkeeper,,,,,,,,,4.0,4.0,0.0,3.0
KD Karthik ,India,2010-2018,12,4,,,,,,,,,,,,Wicketkeeper,,,,,,,,,4.0,3.0,1.0,2.0
Anil Dalpat ,Pakistan,1984-1984,2,2,,,,,,,,,,,,Wicketkeeper,,,,,,,,,3.0,2.0,1.0,2.0
SC Khanna ,India,1984-1984,2,2,,,,,,,,,,,,Wicketkeeper,,,,,,,,,3.0,1.0,2.0,2.0
Saleem Yousuf ,Pakistan,1988-1988,2,2,,,,,,,,,,,,Wicketkeeper,,,,,,,,,3.0,3.0,0.0,2.0
SKL de Silva ,Sri Lanka,1997-1997,3,3,,,,,,,,,,,,Wicketkeeper,,,,,,,,,3.0,1.0,2.0,2.0
Kamran Akmal ,Pakistan,2010-2010,3,3,,,,,,,,,,,,Wicketkeeper,,,,,,,,,3.0,3.0,0.0,1.0
SS Karim ,India,1997-2000,5,5,,,,,,,,,,,,Wicketkeeper,,,,,,,,,3.0,3.0,0.0,2.0
KS More ,India,1988-1991,5,5,,,,,,,,,,,,Wicketkeeper,,,,,,,,,3.0,3.0,0.0,2.0
TM Dilshan ,Sri Lanka,2000-2012,20,0,,,,,,,,,,,,Wicketkeeper,,,,,,,,,2.0,2.0,0.0,2.0
CI Dunusinghe ,Sri Lanka,1995-1995,1,1,,,,,,,,,,,,Wicketkeeper,,,,,,,,,2.0,1.0,1.0,2.0
TT Smart ,Hong Kong,2004-2004,2,1,,,,,,,,,,,,Wicketkeeper,,,,,,,,,2.0,2.0,0.0,2.0
JJ Atkinson ,Hong Kong,2008-2008,2,2,,,,,,,,,,,,Wicketkeeper,,,,,,,,,2.0,1.0,1.0,2.0
Hafizur Rahman ,Bangladesh,1986-1986,2,2,,,,,,,,,,,,Wicketkeeper,,,,,,,,,2.0,2.0,0.0,1.0
CS Pandit ,India,1988-1988,2,2,,,,,,,,,,,,Wicketkeeper,,,,,,,,,2.0,1.0,1.0,2.0
PA Patel ,India,2004-2004,2,2,,,,,,,,,,,,Wicketkeeper,,,,,,,,,2.0,2.0,0.0,1.0
MDKJ Perera ,Sri Lanka,2014-2018,7,2,,,,,,,,,,,,Wicketkeeper,,,,,,,,,2.0,2.0,0.0,2.0
Nasir Ahmed ,Bangladesh,1988-1990,5,5,,,,,,,,,,,,Wicketkeeper,,,,,,,,,2.0,1.0,1.0,1.0
Aamer Malik ,Pakistan,1988-1988,2,1,,,,,,,,,,,,Wicketkeeper,,,,,,,,,1.0,0.0,1.0,1.0
Javed Qadeer ,Pakistan,1995-1995,1,1,,,,,,,,,,,,Wicketkeeper,,,,,,,,,1.0,1.0,0.0,1.0
Abdul Rehman ,UAE,2004-2004,1,1,,,,,,,,,,,,Wicketkeeper,,,,,,,,,0.0,0.0,0.0,0.0
Asghar Ali ,UAE,2004-2004,2,1,,,,,,,,,,,,Wicketkeeper,,,,,,,,,0.0,0.0,0.0,0.0
Nasir Hameed ,Hong Kong,2004-2004,1,1,,,,,,,,,,,,Wicketkeeper,,,,,,,,,0.0,0.0,0.0,0.0
MS Dhoni ,India,2016-2016,5,5,,,,,,,,,,,,Wicketkeeper,,,,,,,,,7.0,6.0,1.0,3.0
SP Patil ,UAE,2016-2016,7,7,,,,,,,,,,,,Wicketkeeper,,,,,,,,,7.0,6.0,1.0,2.0
LD Chandimal ,Sri Lanka,2016-2016,4,3,,,,,,,,,,,,Wicketkeeper,,,,,,,,,4.0,4.0,0.0,2.0
Sultan Ahmed ,Oman,2016-2016,3,3,,,,,,,,,,,,Wicketkeeper,,,,,,,,,4.0,2.0,2.0,3.0
KD Karthik ,India,2022-2022,3,1,,,,,,,,,,,,Wicketkeeper,,,,,,,,,3.0,3.0,0.0,3.0
Nurul Hasan ,Bangladesh,2016-2016,2,2,,,,,,,,,,,,Wicketkeeper,,,,,,,,,3.0,0.0,3.0,2.0
Mohammad Shahzad ,Afghanistan,2016-2016,3,3,,,,,,,,,,,,Wicketkeeper,,,,,,,,,3.0,1.0,2.0,2.0
Rahmanullah Gurbaz ,Afghanistan,2022-2022,5,5,,,,,,,,,,,,Wicketkeeper,,,,,,,,,3.0,3.0,0.0,2.0
BKG Mendis ,Sri Lanka,2022-2022,6,6,,,,,,,,,,,,Wicketkeeper,,,,,,,,,3.0,3.0,0.0,2.0
Mohammad Rizwan ,Pakistan,2022-2022,6,6,,,,,,,,,,,,Wicketkeeper,,,,,,,,,3.0,3.0,0.0,1.0
Sarfaraz Ahmed ,Pakistan,2016-2016,4,4,,,,,,,,,,,,Wicketkeeper,,,,,,,,,2.0,2.0,0.0,2.0
Mushfiqur Rahim ,Bangladesh,2016-2022,7,5,,,,,,,,,,,,Wicketkeeper,,,,,,,,,2.0,1.0,1.0,1.0
SS McKechnie ,Hong Kong,2022-2022,2,2,,,,,,,,,,,,Wicketkeeper,,,,,,,,,1.0,1.0,0.0,1.0
N Dickwella ,Sri Lanka,2016-2016,1,1,,,,,,,,,,,,Wicketkeeper,,,,,,,,,0.0,0.0,0.0,0.0
C Carter ,Hong Kong,2016-2016,3,3,,,,,,,,,,,,Wicketkeeper,,,,,,,,,0.0,0.0,0.0,0.0
RR Pant ,India,2022-2022,4,4,,,,,,,,,,,,Wicketkeeper,,,,,,,,,0.0,0.0,0.0,0.0
